shipment_id,warehouse,dest_city,dest_state,weight_lbs,freight_class,pickup_date,delivery_due,mode,region,distance_miles,truck_id,assigned_mode,tl_cost,ltl_cost_ind,plan_cost,solver_status
SHP0001,CHICAGO_IL,New York,NY,12500,85,2023-10-02,2023-10-04,OPTIONAL,Northeast,711.1,TRK-006,TL,2743.18,5500.0,685.8,Optimal
SHP0002,CHICAGO_IL,New York,NY,8000,70,2023-10-02,2023-10-05,OPTIONAL,Northeast,711.1,TRK-006,TL,2743.18,3273.6,685.8,Optimal
SHP0003,CHICAGO_IL,New York,NY,16500,70,2023-10-03,2023-10-05,MUST_TL,Northeast,711.1,TRK-005,TL,3186.8,6751.8,796.7,Optimal
SHP0004,CHICAGO_IL,Boston,MA,6500,85,2023-10-03,2023-10-06,OPTIONAL,Northeast,848.6,TRK-005,TL,3186.8,2860.0,796.7,Optimal
SHP0005,CHICAGO_IL,Boston,MA,11000,65,2023-10-02,2023-10-05,OPTIONAL,Northeast,848.6,TRK-005,TL,3186.8,4259.2,796.7,Optimal
SHP0006,CHICAGO_IL,Philadelphia,PA,9000,70,2023-10-02,2023-10-04,OPTIONAL,Northeast,663.7,TRK-005,TL,3186.8,2678.4,796.7,Optimal
SHP0007,CHICAGO_IL,Washington DC,DC,8000,70,2023-10-02,2023-10-04,OPTIONAL,Northeast,593.6,TRK-006,TL,2743.18,2380.8,685.8,Optimal
SHP0008,CHICAGO_IL,Baltimore,MD,7000,70,2023-10-02,2023-10-04,OPTIONAL,Northeast,604.7,TRK-006,TL,2743.18,2083.2,685.8,Optimal
SHP0009,CHICAGO_IL,Atlanta,GA,14000,85,2023-10-03,2023-10-06,OPTIONAL,Southeast,588.8,TRK-014,TL,2875.78,4480.0,958.59,Optimal
SHP0010,CHICAGO_IL,Atlanta,GA,20000,65,2023-10-02,2023-10-05,MUST_TL,Southeast,588.8,TRK-013,TL,3417.88,5632.0,1708.94,Optimal
SHP0011,CHICAGO_IL,Charlotte,NC,13000,85,2023-10-03,2023-10-05,OPTIONAL,Southeast,587.5,TRK-014,TL,2875.78,4160.0,958.59,Optimal
SHP0012,CHICAGO_IL,Nashville,TN,9500,65,2023-10-02,2023-10-04,OPTIONAL,Southeast,397.5,TRK-014,TL,2875.78,2675.2,958.59,Optimal
SHP0013,CHICAGO_IL,Miami,FL,7500,100,2023-10-02,2023-10-07,OPTIONAL,Southeast,1191.4,TRK-012,TL,4559.6,3630.0,1519.87,Optimal
SHP0014,CHICAGO_IL,Miami,FL,18000,70,2023-10-03,2023-10-08,MUST_TL,Southeast,1191.4,TRK-012,TL,4559.6,7365.6,1519.87,Optimal
SHP0015,CHICAGO_IL,Tampa,FL,11000,100,2023-10-03,2023-10-07,OPTIONAL,Southeast,1005.5,TRK-013,TL,3417.88,5324.0,1708.94,Optimal
SHP0016,CHICAGO_IL,Dallas,TX,22000,65,2023-10-02,2023-10-05,MUST_TL,South Central,804.7,TRK-010,TL,3596.3,8518.4,1198.77,Optimal
SHP0017,CHICAGO_IL,Houston,TX,16000,85,2023-10-02,2023-10-06,MUST_TL,South Central,941.9,TRK-011,TL,3744.82,7040.0,1872.41,Optimal
SHP0018,CHICAGO_IL,Austin,TX,7500,70,2023-10-02,2023-10-06,OPTIONAL,South Central,979.6,TRK-010,TL,3596.3,3069.0,1198.77,Optimal
SHP0019,CHICAGO_IL,San Antonio,TX,9000,85,2023-10-02,2023-10-06,OPTIONAL,South Central,1052.8,TRK-010,TL,3596.3,3960.0,1198.77,Optimal
SHP0020,CHICAGO_IL,Oklahoma City,OK,5000,85,2023-10-03,2023-10-05,OPTIONAL,South Central,692.5,TRK-011,TL,3744.82,1600.0,1872.41,Optimal
SHP0021,CHICAGO_IL,Denver,CO,8500,65,2023-10-02,2023-10-05,OPTIONAL,Mountain,918.3,LTL,LTL,0.0,3291.2,3291.2,LTL-fallback
SHP0022,CHICAGO_IL,Denver,CO,14000,70,2023-10-03,2023-10-06,OPTIONAL,Mountain,918.3,TRK-004,TL,5870.0,5728.8,1956.67,Optimal
SHP0023,CHICAGO_IL,Phoenix,AZ,19000,85,2023-10-02,2023-10-06,MUST_TL,Mountain,1451.8,TRK-004,TL,5870.0,10640.0,1956.67,Optimal
SHP0024,CHICAGO_IL,Las Vegas,NV,6500,100,2023-10-03,2023-10-07,OPTIONAL,Mountain,1521.3,TRK-004,TL,5870.0,4004.0,1956.67,Optimal
SHP0025,CHICAGO_IL,Los Angeles,CA,35000,50,2023-10-02,2023-10-06,MUST_TL,Pacific,1742.4,TRK-008,TL,5812.8,15680.0,2906.4,Optimal
SHP0026,CHICAGO_IL,Los Angeles,CA,9000,70,2023-10-03,2023-10-07,OPTIONAL,Pacific,1742.4,TRK-008,TL,5812.8,4687.2,2906.4,Optimal
SHP0027,CHICAGO_IL,San Francisco,CA,25000,65,2023-10-03,2023-10-07,MUST_TL,Pacific,1854.9,TRK-007,TL,8678.65,12320.0,2892.88,Optimal
SHP0028,CHICAGO_IL,Seattle,WA,28000,50,2023-10-02,2023-10-07,MUST_TL,Pacific,1733.0,TRK-009,TL,5782.25,12544.0,2891.12,Optimal
SHP0029,CHICAGO_IL,Seattle,WA,12000,85,2023-10-03,2023-10-08,OPTIONAL,Pacific,1733.0,TRK-009,TL,5782.25,6720.0,2891.12,Optimal
SHP0030,CHICAGO_IL,Portland,OR,10000,85,2023-10-03,2023-10-08,OPTIONAL,Pacific,1754.6,TRK-007,TL,8678.65,5600.0,2892.88,Optimal
SHP0031,CHICAGO_IL,Minneapolis,MN,11000,65,2023-10-02,2023-10-04,OPTIONAL,Midwest,354.6,TRK-002,TL,2949.55,3097.6,983.18,Optimal
SHP0032,CHICAGO_IL,Detroit,MI,7500,70,2023-10-02,2023-10-03,OPTIONAL,Midwest,237.0,TRK-001,TL,920.25,1534.5,460.12,Optimal
SHP0033,CHICAGO_IL,Detroit,MI,6000,85,2023-10-03,2023-10-04,OPTIONAL,Midwest,237.0,TRK-001,TL,920.25,1320.0,460.12,Optimal
SHP0034,CHICAGO_IL,Cleveland,OH,8500,65,2023-10-03,2023-10-04,OPTIONAL,Midwest,307.3,TRK-003,TL,3725.65,2393.6,1241.88,Optimal
SHP0035,CHICAGO_IL,St. Louis,MO,5500,70,2023-10-02,2023-10-03,OPTIONAL,Midwest,262.3,TRK-002,TL,2949.55,1125.3,983.18,Optimal
SHP0036,CHICAGO_IL,Kansas City,MO,6000,70,2023-10-02,2023-10-04,OPTIONAL,Midwest,412.4,TRK-003,TL,3725.65,1785.6,1241.88,Optimal
SHP0037,CHICAGO_IL,Columbus,OH,13500,70,2023-10-02,2023-10-04,OPTIONAL,Midwest,275.6,TRK-003,TL,3725.65,2762.1,1241.88,Optimal
SHP0038,CHICAGO_IL,Indianapolis,IN,4500,85,2023-10-02,2023-10-03,OPTIONAL,Midwest,164.8,TRK-002,TL,2949.55,990.0,983.18,Optimal
SHP0039,CHICAGO_IL,Memphis,TN,8000,65,2023-10-02,2023-10-04,OPTIONAL,Southeast,482.9,TRK-012,TL,4559.6,2252.8,1519.87,Optimal
SHP0040,CHICAGO_IL,Los Angeles,CA,6000,85,2023-10-02,2023-10-06,OPTIONAL,Pacific,1742.4,TRK-007,TL,8678.65,3360.0,2892.88,Optimal
